run_id,ncbi_taxon_id,taxon_rank_level,relative_abundance,name,lineage,CDF
ERR478967,591001,strain,0.003075,Acidaminococcus fermentans DSM 20731,sk__Bacteria__2;p__Bacillota__1239;c__Negativicutes__909932;o__Acidaminococcales__1843488;f__Acidaminococcaceae__909930;g__Acidaminococcus__904;s__Acidaminococcus fermentans__905;st__Acidaminococcus fermentans DSM 20731__591001,0.9899230487357008
ERR478967,1852361,species,8.6e-05,Actinomyces bouchesdurhonensis,sk__Bacteria__2;p__Actinomycetota__201174;c__Actinomycetes__1760;o__Actinomycetales__2037;f__Actinomycetaceae__2049;g__Actinomyces__1654;s__Actinomyces bouchesdurhonensis__1852361,0.9268962990105354
ERR478967,55565,species,0.000198,Actinomyces graevenitzii,sk__Bacteria__2;p__Actinomycetota__201174;c__Actinomycetes__1760;o__Actinomycetales__2037;f__Actinomycetaceae__2049;g__Actinomyces__1654;s__Actinomyces graevenitzii__55565,0.9901062660314134
ERR478967,1796610,species,0.000624,Adlercreutzia muris,sk__Bacteria__2;p__Actinomycetota__201174;c__Coriobacteriia__84998;o__Eggerthellales__1643822;f__Eggerthellaceae__1643826;g__Adlercreutzia__447020;s__Adlercreutzia muris__1796610,0.9996335654084731
ERR478967,1628085,species,0.005796,Agathobaculum butyriciproducens,sk__Bacteria__2;p__Bacillota__1239;c__Clostridia__186801;o__Eubacteriales__186802;f__Butyricicoccaceae__3085642;g__Agathobaculum__2048137;s__Agathobaculum butyriciproducens__1628085,0.8393184316598696
ERR478967,349741,strain,0.005681,Akkermansia muciniphila ATCC BAA-835,sk__Bacteria__2;p__Verrucomicrobiota__74201;c__Verrucomicrobiae__203494;o__Verrucomicrobiales__48461;f__Akkermansiaceae__1647988;g__Akkermansia__239934;s__Akkermansia muciniphila__239935;st__Akkermansia muciniphila ATCC BAA-835__349741,0.8305240014656605
ERR478967,2585118,species,0.004177,Alistipes communis,sk__Bacteria__2;p__Bacteroidota__976;c__Bacteroidia__200643;o__Bacteroidales__171549;f__Rikenellaceae__171550;g__Alistipes__239759;s__Alistipes communis__2585118,0.6815683400512437
ERR478967,1211813,strain,0.0003,Alistipes ihumii AP11,sk__Bacteria__2;p__Bacteroidota__976;c__Bacteroidia__200643;o__Bacteroidales__171549;f__Rikenellaceae__171550;g__Alistipes__239759;s__Alistipes ihumii__1470347;st__Alistipes ihumii AP11__1211813,0.6830340784169452
ERR478967,742725,strain,0.001334,Alistipes indistinctus YIT 12060,sk__Bacteria__2;p__Bacteroidota__976;c__Bacteroidia__200643;o__Bacteroidales__171549;f__Rikenellaceae__171550;g__Alistipes__239759;s__Alistipes indistinctus__626932;st__Alistipes indistinctus YIT 12060__742725,0.8352876511541905
ERR478967,717959,strain,0.006134,Alistipes shahii WAL 8301,sk__Bacteria__2;p__Bacteroidota__976;c__Bacteroidia__200643;o__Bacteroidales__171549;f__Rikenellaceae__171550;g__Alistipes__239759;s__Alistipes shahii__328814;st__Alistipes shahii WAL 8301__717959,0.5793330890435627
ERR478967,209880,species,0.000328,Allisonella histaminiformans,sk__Bacteria__2;p__Bacillota__1239;c__Negativicutes__909932;o__Veillonellales__1843489;f__Veillonellaceae__31977;g__Allisonella__209879;s__Allisonella histaminiformans__209880,0.9278123854890988
ERR478967,428127,strain,0.00013,Amedibacillus dolichus DSM 3991,sk__Bacteria__2;p__Bacillota__1239;c__Erysipelotrichia__526524;o__Erysipelotrichales__526525;f__Erysipelotrichaceae__128827;g__Amedibacillus__2749846;s__Amedibacillus dolichus__31971;st__Amedibacillus dolichus DSM 3991__428127,0.9507145474531852
ERR478967,411469,strain,0.004605,Anaerobutyricum hallii DSM 3353,sk__Bacteria__2;p__Bacillota__1239;c__Clostridia__186801;o__Lachnospirales__3085636;f__Lachnospiraceae__186803;g__Anaerobutyricum__2569097;s__Anaerobutyricum hallii__39488;st__Anaerobutyricum hallii DSM 3353__411469,0.7896665445217307
ERR478967,105843,species,0.005786,Anaerobutyricum soehngenii,sk__Bacteria__2;p__Bacillota__1239;c__Clostridia__186801;o__Lachnospirales__3085636;f__Lachnospiraceae__186803;g__Anaerobutyricum__2569097;s__Anaerobutyricum soehngenii__105843,0.9657383657016256
ERR478967,649756,species,0.005611,Anaerostipes hadrus,sk__Bacteria__2;p__Bacillota__1239;c__Clostridia__186801;o__Lachnospirales__3085636;f__Lachnospiraceae__186803;g__Anaerostipes__207244;s__Anaerostipes hadrus__649756,0.8970318798093669
ERR478967,2358141,species,0.008302,Anaerotignum faecicola,sk__Bacteria__2;p__Bacillota__1239;c__Clostridia__186801;o__Lachnospirales__3085636;f__Anaerotignaceae__3118652;g__Anaerotignum__2039240;s__Anaerotignum faecicola__2358141,0.9736167094172712
ERR478967,445972,strain,0.00148,Anaerotruncus colihominis DSM 17241,sk__Bacteria__2;p__Bacillota__1239;c__Clostridia__186801;o__Eubacteriales__186802;f__Oscillospiraceae__216572;g__Anaerotruncus__244127;s__Anaerotruncus colihominis__169435;st__Anaerotruncus colihominis DSM 17241__445972,0.910040307804968
ERR478967,1871018,species,0.000866,Angelakisella massiliensis,sk__Bacteria__2;p__Bacillota__1239;c__Clostridia__186801;o__Eubacteriales__186802;f__Oscillospiraceae__216572;g__Angelakisella__1935176;s__Angelakisella massiliensis__1871018,0.8484792964455041
ERR478967,411901,strain,0.004967,Bacteroides caccae ATCC 43185,sk__Bacteria__2;p__Bacteroidota__976;c__Bacteroidia__200643;o__Bacteroidales__171549;f__Bacteroidaceae__815;g__Bacteroides__816;s__Bacteroides caccae__47678;st__Bacteroides caccae ATCC 43185__411901,0.7013558079882142
ERR478967,997874,strain,0.000492,Bacteroides cellulosilyticus CL02T12C19,sk__Bacteria__2;p__Bacteroidota__976;c__Bacteroidia__200643;o__Bacteroidales__171549;f__Bacteroidaceae__815;g__Bacteroides__816;s__Bacteroides cellulosilyticus__246787;st__Bacteroides cellulosilyticus CL02T12C19__997874,0.8761451080981203
ERR478967,1339274,strain,0.004232,Bacteroides fragilis str. A7,sk__Bacteria__2;p__Bacteroidota__976;c__Bacteroidia__200643;o__Bacteroidales__171549;f__Bacteroidaceae__815;g__Bacteroides__816;s__Bacteroides fragilis__817;st__Bacteroides fragilis str. A7__1339274,0.9968853059727828
ERR478967,471870,strain,0.001537,Bacteroides intestinalis DSM 17393,sk__Bacteria__2;p__Bacteroidota__976;c__Bacteroidia__200643;o__Bacteroidales__171549;f__Bacteroidaceae__815;g__Bacteroides__816;s__Bacteroides intestinalis__329854;st__Bacteroides intestinalis DSM 17393__471870,0.8065225357272982
ERR478967,1203608,strain,0.000277,Bacteroides nordii WAL 11050 = JCM 12987,sk__Bacteria__2;p__Bacteroidota__976;c__Bacteroidia__200643;o__Bacteroidales__171549;f__Bacteroidaceae__815;g__Bacteroides__816;s__Bacteroides nordii__291645;st__Bacteroides nordii WAL 11050 = JCM 12987__1203608,0.8728471967752919
ERR478967,702443,strain,0.002435,Bacteroides ovatus SD CMC 3f,sk__Bacteria__2;p__Bacteroidota__976;c__Bacteroidia__200643;o__Bacteroidales__171549;f__Bacteroidaceae__815;g__Bacteroides__816;s__Bacteroides ovatus__28116;st__Bacteroides ovatus SD CMC 3f__702443,0.773543422499014
ERR478967,457395,species,0.008837,Bacteroides sp. 9_1_42FAA,sk__Bacteria__2;p__Bacteroidota__976;c__Bacteroidia__200643;o__Bacteroidales__171549;f__Bacteroidaceae__815;g__Bacteroides__816;s__Bacteroides sp. 9_1_42FAA__457395,0.9853426163428834
ERR478967,1236514,strain,0.000222,Bacteroides stercorirosoris JCM 17103,sk__Bacteria__2;p__Bacteroidota__976;c__Bacteroidia__200643;o__Bacteroidales__171549;f__Bacteroidaceae__815;g__Bacteroides__816;s__Bacteroides stercorirosoris__871324;st__Bacteroides stercorirosoris JCM 17103__1236514,0.927629168193386
ERR478967,1235785,strain,0.001548,Bacteroides thetaiotaomicron dnLKV9,sk__Bacteria__2;p__Bacteroidota__976;c__Bacteroidia__200643;o__Bacteroidales__171549;f__Bacteroidaceae__815;g__Bacteroides__816;s__Bacteroides thetaiotaomicron__818;st__Bacteroides thetaiotaomicron dnLKV9__1235785,0.9340417735433304
ERR478967,1470345,species,0.000556,Bacteroides timonensis,sk__Bacteria__2;p__Bacteroidota__976;c__Bacteroidia__200643;o__Bacteroidales__171549;f__Bacteroidaceae__815;g__Bacteroides__816;s__Bacteroides timonensis__1470345,0.8211799193843133
ERR478967,411479,strain,0.003797,Bacteroides uniformis ATCC 8492,sk__Bacteria__2;p__Bacteroidota__976;c__Bacteroidia__200643;o__Bacteroidales__171549;f__Bacteroidaceae__815;g__Bacteroides__816;s__Bacteroides uniformis__820;st__Bacteroides uniformis ATCC 8492__411479,0.6918285086111543
ERR478967,816,genus,5.6e-05,Bacteroides,sk__Bacteria__2;p__Bacteroidota__976;c__Bacteroidia__200643;o__Bacteroidales__171549;f__Bacteroidaceae__815;g__Bacteroides__816,0.0323730867886235
ERR478967,742726,strain,0.003037,Barnesiella intestinihominis YIT 11860,sk__Bacteria__2;p__Bacteroidota__976;c__Bacteroidia__200643;o__Bacteroidales__171549;f__Barnesiellaceae__2005519;g__Barnesiella__397864;s__Barnesiella intestinihominis__487174;st__Barnesiella intestinihominis YIT 11860__742726,0.5833638695492419
ERR478967,411481,strain,0.0210279999999999,Bifidobacterium adolescentis L2-32,sk__Bacteria__2;p__Actinomycetota__201174;c__Actinomycetes__1760;o__Bifidobacteriales__85004;f__Bifidobacteriaceae__31953;g__Bifidobacterium__1678;s__Bifidobacterium adolescentis__1680;st__Bifidobacterium adolescentis L2-32__411481,0.9609747160130956
ERR478967,1683,species,0.007733,Bifidobacterium angulatum,sk__Bacteria__2;p__Actinomycetota__201174;c__Actinomycetes__1760;o__Bifidobacteriales__85004;f__Bifidobacteriaceae__31953;g__Bifidobacterium__1678;s__Bifidobacterium angulatum__1683,0.9930377427628164
ERR478967,702459,strain,0.035245,Bifidobacterium bifidum PRL2010,sk__Bacteria__2;p__Actinomycetota__201174;c__Actinomycetes__1760;o__Bifidobacteriales__85004;f__Bifidobacteriaceae__31953;g__Bifidobacterium__1678;s__Bifidobacterium bifidum__1681;st__Bifidobacterium bifidum PRL2010__702459,0.9970685232684956
ERR478967,566552,strain,0.00048,Bifidobacterium catenulatum DSM 16992 = JCM 1194 = LMG 11043,sk__Bacteria__2;p__Actinomycetota__201174;c__Actinomycetes__1760;o__Bifidobacteriales__85004;f__Bifidobacteriaceae__31953;g__Bifidobacterium__1678;s__Bifidobacterium catenulatum__1686;st__Bifidobacterium catenulatum DSM 16992 = JCM 1194 = LMG 11043__566552,0.8460974716012392
ERR478967,78345,species,0.00054,Bifidobacterium merycicum,sk__Bacteria__2;p__Actinomycetota__201174;c__Actinomycetes__1760;o__Bifidobacteriales__85004;f__Bifidobacteriaceae__31953;g__Bifidobacterium__1678;s__Bifidobacterium merycicum__78345,0.9915720043971148
ERR478967,547043,strain,0.000446,Bifidobacterium pseudocatenulatum DSM 20438 = JCM 1200 = LMG 10505,sk__Bacteria__2;p__Actinomycetota__201174;c__Actinomycetes__1760;o__Bifidobacteriales__85004;f__Bifidobacteriaceae__31953;g__Bifidobacterium__1678;s__Bifidobacterium pseudocatenulatum__28026;st__Bifidobacterium pseudocatenulatum DSM 20438 = JCM 1200 = LMG 10505__547043,0.9248809087576958
ERR478967,693988,species,0.000976,Bilophila sp. 4_1_30,sk__Bacteria__2;p__Thermodesulfobacteriota__200940;c__Desulfovibrionia__3031449;o__Desulfovibrionales__213115;f__Desulfovibrionaceae__194924;g__Bilophila__35832;s__Bilophila sp. 4_1_30__693988,0.7903994137045814
ERR478967,1408428,strain,0.0026019999999999,Bilophila wadsworthia ATCC 49260,sk__Bacteria__2;p__Thermodesulfobacteriota__200940;c__Desulfovibrionia__3031449;o__Desulfovibrionales__213115;f__Desulfovibrionaceae__194924;g__Bilophila__35832;s__Bilophila wadsworthia__35833;st__Bilophila wadsworthia ATCC 49260__1408428,0.8726639794795792
ERR478967,649762,strain,0.003295,Blautia luti DSM 14534 = JCM 17040,sk__Bacteria__2;p__Bacillota__1239;c__Clostridia__186801;o__Lachnospirales__3085636;f__Lachnospiraceae__186803;g__Blautia__572511;s__Blautia luti__89014;st__Blautia luti DSM 14534 = JCM 17040__649762,0.9300109930376512
ERR478967,1737424,species,0.0186549999999999,Blautia massiliensis,sk__Bacteria__2;p__Bacillota__1239;c__Clostridia__186801;o__Lachnospirales__3085636;f__Lachnospiraceae__186803;g__Blautia__572511;s__Blautia massiliensis__1737424,0.957310370098842
ERR478967,411459,strain,0.016947,Blautia obeum ATCC 29174,sk__Bacteria__2;p__Bacillota__1239;c__Clostridia__186801;o__Lachnospirales__3085636;f__Lachnospiraceae__186803;g__Blautia__572511;s__Blautia obeum__40520;st__Blautia obeum ATCC 29174__411459,0.9697691462073048
ERR478967,1805476,species,0.012837,Blautia sp. Marseille-P2398,sk__Bacteria__2;p__Bacillota__1239;c__Clostridia__186801;o__Lachnospirales__3085636;f__Lachnospiraceae__186803;g__Blautia__572511;s__Blautia sp. Marseille-P2398__1805476,0.8957493587393781
ERR478967,1121115,strain,0.008666,Blautia wexlerae DSM 19850,sk__Bacteria__2;p__Bacillota__1239;c__Clostridia__186801;o__Lachnospirales__3085636;f__Lachnospiraceae__186803;g__Blautia__572511;s__Blautia wexlerae__418240;st__Blautia wexlerae DSM 19850__1121115,0.8312568706485113
ERR478967,1703332,species,0.000913,Butyribacter intestini,sk__Bacteria__2;p__Bacillota__1239;c__Clostridia__186801;o__Lachnospirales__3085636;f__Lachnospiraceae__186803;g__Butyribacter__2822463;s__Butyribacter intestini__1703332,0.834371564675627
ERR478967,1121130,strain,0.000481,Butyricimonas virosa DSM 23226,sk__Bacteria__2;p__Bacteroidota__976;c__Bacteroidia__200643;o__Bacteroidales__171549;f__Odoribacteraceae__1853231;g__Butyricimonas__574697;s__Butyricimonas virosa__544645;st__Butyricimonas virosa DSM 23226__1121130,0.707951630633871
ERR478967,511680,strain,0.000279,Butyrivibrio crossotus DSM 2876,sk__Bacteria__2;p__Bacillota__1239;c__Clostridia__186801;o__Lachnospirales__3085636;f__Lachnospiraceae__186803;g__Butyrivibrio__830;s__Butyrivibrio crossotus__45851;st__Butyrivibrio crossotus DSM 2876__511680,0.7462440454378232
ERR478967,1650661,species,0.000577,Clostridium phoceensis,sk__Bacteria__2;p__Bacillota__1239;c__Clostridia__186801;o__Eubacteriales__186802;f__Clostridiaceae__31979;g__Clostridium__1485;s__Clostridium phoceensis__1650661,0.5690729204836521
ERR478967,411486,species,0.0020399999999999,Clostridium sp. M62/1,sk__Bacteria__2;p__Bacillota__1239;c__Clostridia__186801;o__Eubacteriales__186802;f__Clostridiaceae__31979;g__Clostridium__1485;s__Clostridium sp. M62/1__411486,0.855624770978299
ERR478967,411903,strain,0.009616,Collinsella aerofaciens ATCC 25986,sk__Bacteria__2;p__Actinomycetota__201174;c__Coriobacteriia__84998;o__Coriobacteriales__84999;f__Coriobacteriaceae__84107;g__Collinsella__102106;s__Collinsella aerofaciens__74426;st__Collinsella aerofaciens ATCC 25986__411903,0.9210333455477292
ERR478967,2292329,species,0.006452,Collinsella sp. OM08-14AT,sk__Bacteria__2;p__Actinomycetota__201174;c__Coriobacteriia__84998;o__Coriobacteriales__84999;f__Coriobacteriaceae__84107;g__Collinsella__102106;s__Collinsella sp. OM08-14AT__2292329,0.9981678270427716
ERR478967,2810280,family,0.000276,Coprobacillaceae,sk__Bacteria__2;p__Bacillota__1239;c__Erysipelotrichia__526524;o__Erysipelotrichales__526525;f__Coprobacillaceae__2810280,0.5575302308537526
ERR478967,717962,strain,0.002908,Coprococcus catus GD/7,sk__Bacteria__2;p__Bacillota__1239;c__Clostridia__186801;o__Lachnospirales__3085636;f__Lachnospiraceae__186803;g__Coprococcus__33042;s__Coprococcus catus__116085;st__Coprococcus catus GD/7__717962,0.8862220593623182
ERR478967,470146,strain,0.007094,Coprococcus comes ATCC 27758,sk__Bacteria__2;p__Bacillota__1239;c__Clostridia__186801;o__Lachnospirales__3085636;f__Lachnospiraceae__186803;g__Coprococcus__33042;s__Coprococcus comes__410072;st__Coprococcus comes ATCC 27758__470146,0.8098204470501266
ERR478967,2293093,species,0.001063,Coprococcus sp. OM04-5BH,sk__Bacteria__2;p__Bacillota__1239;c__Clostridia__186801;o__Lachnospirales__3085636;f__Lachnospiraceae__186803;g__Coprococcus__33042;s__Coprococcus sp. OM04-5BH__2293093,0.9789300109929392
ERR478967,592028,strain,0.069145,Dialister invisus DSM 15470,sk__Bacteria__2;p__Bacillota__1239;c__Negativicutes__909932;o__Veillonellales__1843489;f__Veillonellaceae__31977;g__Dialister__39948;s__Dialister invisus__218538;st__Dialister invisus DSM 15470__592028,0.9765481861486744
ERR478967,411461,strain,0.008452,Dorea formicigenerans ATCC 27755,sk__Bacteria__2;p__Bacillota__1239;c__Clostridia__186801;o__Lachnospirales__3085636;f__Lachnospiraceae__186803;g__Dorea__189330;s__Dorea formicigenerans__39486;st__Dorea formicigenerans ATCC 27755__411461,0.9756320996701108
ERR478967,411462,strain,0.016698,Dorea longicatena DSM 13814,sk__Bacteria__2;p__Bacillota__1239;c__Clostridia__186801;o__Lachnospirales__3085636;f__Lachnospiraceae__186803;g__Dorea__189330;s__Dorea longicatena__88431;st__Dorea longicatena DSM 13814__411462,0.9435690729203902
ERR478967,2080749,species,0.004552,Dorea sp. Marseille-P4042,sk__Bacteria__2;p__Bacillota__1239;c__Clostridia__186801;o__Lachnospirales__3085636;f__Lachnospiraceae__186803;g__Dorea__189330;s__Dorea sp. Marseille-P4042__2080749,0.9835104433857564
ERR478967,2093857,species,0.0007009999999999,Dysosmobacter welbionis,sk__Bacteria__2;p__Bacillota__1239;c__Clostridia__186801;o__Eubacteriales__186802;f__Oscillospiraceae__216572;g__Dysosmobacter__2591381;s__Dysosmobacter welbionis__2093857,0.371198241113947
ERR478967,358742,species,0.000121,Enterocloster aldenensis,sk__Bacteria__2;p__Bacillota__1239;c__Clostridia__186801;o__Lachnospirales__3085636;f__Lachnospiraceae__186803;g__Enterocloster__2719313;s__Enterocloster aldenensis__358742,0.739831440087879
ERR478967,411902,strain,0.000288,Enterocloster bolteae ATCC BAA-613,sk__Bacteria__2;p__Bacillota__1239;c__Clostridia__186801;o__Lachnospirales__3085636;f__Lachnospiraceae__186803;g__Enterocloster__2719313;s__Enterocloster bolteae__208479;st__Enterocloster bolteae ATCC BAA-613__411902,0.7097838035909979
ERR478967,2516956,species,0.000736,Enterorhabdus sp. NM05_H27,sk__Bacteria__2;p__Actinomycetota__201174;c__Coriobacteriia__84998;o__Eggerthellales__1643822;f__Eggerthellaceae__1643826;g__Enterorhabdus__580024;s__Enterorhabdus sp. NM05_H27__2516956,0.999816782704186
ERR478967,658657,species,6.8e-05,Erysipelotrichaceae bacterium 21_3,sk__Bacteria__2;p__Bacillota__1239;c__Erysipelotrichia__526524;o__Erysipelotrichales__526525;f__Erysipelotrichaceae__128827;s__Erysipelotrichaceae bacterium 21_3__658657,0.8349212165627651
ERR478967,469614,species,0.000283,Erysipelotrichaceae bacterium 6_1_45,sk__Bacteria__2;p__Bacillota__1239;c__Erysipelotrichia__526524;o__Erysipelotrichales__526525;f__Erysipelotrichaceae__128827;s__Erysipelotrichaceae bacterium 6_1_45__469614,0.8219127885671641
ERR478967,1256908,strain,0.005568,Eubacterium ramulus ATCC 29099,sk__Bacteria__2;p__Bacillota__1239;c__Clostridia__186801;o__Eubacteriales__186802;f__Eubacteriaceae__186806;g__Eubacterium__1730;s__Eubacterium ramulus__39490;st__Eubacterium ramulus ATCC 29099__1256908,0.9499816782703344
ERR478967,2292233,species,0.008645,Eubacterium sp. AF22-9,sk__Bacteria__2;p__Bacillota__1239;c__Clostridia__186801;o__Eubacteriales__186802;f__Eubacteriaceae__186806;g__Eubacterium__1730;s__Eubacterium sp. AF22-9__2292233,0.9639061927444988
ERR478967,411463,strain,0.001072,Eubacterium ventriosum ATCC 27560,sk__Bacteria__2;p__Bacillota__1239;c__Clostridia__186801;o__Eubacteriales__186802;f__Eubacteriaceae__186806;g__Eubacterium__1730;s__Eubacterium ventriosum__39496;st__Eubacterium ventriosum ATCC 27560__411463,0.6733235617441726
ERR478967,1730,genus,0.000586,Eubacterium,sk__Bacteria__2;p__Bacillota__1239;c__Clostridia__186801;o__Eubacteriales__186802;f__Eubacteriaceae__186806;g__Eubacterium__1730,0.1677659704409446
ERR478967,2211183,species,0.00582,Evtepia gabavorous,sk__Bacteria__2;p__Bacillota__1239;c__Clostridia__186801;o__Eubacteriales__186802;g__Evtepia__2211178;s__Evtepia gabavorous__2211183,0.95786002198598
ERR478967,748224,strain,0.024641,Faecalibacterium cf. prausnitzii KLE1255,sk__Bacteria__2;p__Bacillota__1239;c__Clostridia__186801;o__Eubacteriales__186802;f__Oscillospiraceae__216572;g__Faecalibacterium__216851;s__Faecalibacterium prausnitzii__853;st__Faecalibacterium cf. prausnitzii KLE1255__748224,0.934774642726181
ERR478967,411483,species,0.042926,Faecalibacterium duncaniae,sk__Bacteria__2;p__Bacillota__1239;c__Clostridia__186801;o__Eubacteriales__186802;f__Oscillospiraceae__216572;g__Faecalibacterium__216851;s__Faecalibacterium duncaniae__411483,0.9505313301574724
ERR478967,2302956,species,0.025798,Faecalibacterium sp. AF27-11BH,sk__Bacteria__2;p__Bacillota__1239;c__Clostridia__186801;o__Eubacteriales__186802;f__Oscillospiraceae__216572;g__Faecalibacterium__216851;s__Faecalibacterium sp. AF27-11BH__2302956,0.9358739465004572
ERR478967,216851,genus,0.027978,Faecalibacterium,sk__Bacteria__2;p__Bacillota__1239;c__Clostridia__186801;o__Eubacteriales__186802;f__Oscillospiraceae__216572;g__Faecalibacterium__216851,0.337935973883198
ERR478967,717960,strain,0.001722,Faecalitalea cylindroides T2-87,sk__Bacteria__2;p__Bacillota__1239;c__Erysipelotrichia__526524;o__Erysipelotrichales__526525;f__Erysipelotrichaceae__128827;g__Faecalitalea__1573534;s__Faecalitalea cylindroides__39483;st__Faecalitalea cylindroides T2-87__717960,0.9712348845730064
ERR478967,2292885,species,0.005502,Firmicutes bacterium AF16-15,sk__Bacteria__2;p__Bacillota__1239;s__Firmicutes bacterium AF16-15__2292885,0.7587028215462861
ERR478967,2292181,species,0.002702,Firmicutes bacterium AF25-13AC,sk__Bacteria__2;p__Bacillota__1239;s__Firmicutes bacterium AF25-13AC__2292181,0.7407475265664425
ERR478967,2292889,species,0.003991,Firmicutes bacterium AF36-3BH,sk__Bacteria__2;p__Bacillota__1239;s__Firmicutes bacterium AF36-3BH__2292889,0.8770611945766837
ERR478967,2292896,species,0.002792,Firmicutes bacterium AM55-24TS,sk__Bacteria__2;p__Bacillota__1239;s__Firmicutes bacterium AM55-24TS__2292896,0.8537925980211721
ERR478967,742738,strain,0.000814,Flavonifractor plautii 1_3_50AFAA,sk__Bacteria__2;p__Bacillota__1239;c__Clostridia__186801;o__Eubacteriales__186802;f__Oscillospiraceae__216572;g__Flavonifractor__946234;s__Flavonifractor plautii__292800;st__Flavonifractor plautii 1_3_50AFAA__742738,0.623488457310321
ERR478967,946234,genus,0.000256,Flavonifractor,sk__Bacteria__2;p__Bacillota__1239;c__Clostridia__186801;o__Eubacteriales__186802;f__Oscillospiraceae__216572;g__Flavonifractor__946234,0.2471601319164555
ERR478967,562983,strain,0.0001089999999999,Gemella sanguinis M325,sk__Bacteria__2;p__Bacillota__1239;c__Bacilli__91061;o__Bacillales__1385;f__Gemellaceae__539738;g__Gemella__1378;s__Gemella sanguinis__84135;st__Gemella sanguinis M325__562983,0.9818614877243425
ERR478967,745368,species,0.010041,Gemmiger formicilis,sk__Bacteria__2;p__Bacillota__1239;c__Clostridia__186801;o__Eubacteriales__186802;g__Gemmiger__204475;s__Gemmiger formicilis__745368,0.7282887504579796
ERR478967,657308,strain,0.0011849999999999,Gordonibacter pamelaeae 7-10-1-b,sk__Bacteria__2;p__Actinomycetota__201174;c__Coriobacteriia__84998;o__Eggerthellales__1643822;f__Eggerthellaceae__1643826;g__Gordonibacter__644652;s__Gordonibacter pamelaeae__471189;st__Gordonibacter pamelaeae 7-10-1-b__657308,0.9529131550017372
ERR478967,862965,strain,0.00047,Haemophilus parainfluenzae T3T1,sk__Bacteria__2;p__Pseudomonadota__1224;c__Gammaproteobacteria__1236;o__Pasteurellales__135625;f__Pasteurellaceae__712;g__Haemophilus__724;s__Haemophilus parainfluenzae__729;st__Haemophilus parainfluenzae T3T1__862965,0.947233418834644
ERR478967,1859695,species,0.000325,Haemophilus sp. CCUG 60358,sk__Bacteria__2;p__Pseudomonadota__1224;c__Gammaproteobacteria__1236;o__Pasteurellales__135625;f__Pasteurellaceae__712;g__Haemophilus__724;s__Haemophilus sp. CCUG 60358__1859695,0.9613411506045212
ERR478967,1211819,strain,0.000104,Holdemania massiliensis AP2,sk__Bacteria__2;p__Bacillota__1239;c__Erysipelotrichia__526524;o__Erysipelotrichales__526525;f__Erysipelotrichaceae__128827;g__Holdemania__61170;s__Holdemania massiliensis__1468449;st__Holdemania massiliensis AP2__1211819,0.8649688530596462
ERR478967,1852366,species,0.000869,Holdemania sp. Marseille-P2844,sk__Bacteria__2;p__Bacillota__1239;c__Erysipelotrichia__526524;o__Erysipelotrichales__526525;f__Erysipelotrichaceae__128827;g__Holdemania__61170;s__Holdemania sp. Marseille-P2844__1852366,0.9655551484059128
ERR478967,1297617,species,0.000307,Intestinimonas butyriciproducens,sk__Bacteria__2;p__Bacillota__1239;c__Clostridia__186801;o__Eubacteriales__186802;g__Intestinimonas__1392389;s__Intestinimonas butyriciproducens__1297617,0.6797361670941168
ERR478967,1673721,species,0.000565,Intestinimonas massiliensis,sk__Bacteria__2;p__Bacillota__1239;c__Clostridia__186801;o__Eubacteriales__186802;g__Intestinimonas__1392389;s__Intestinimonas massiliensis__1673721,0.8239281788200037
ERR478967,548,species,7.8e-05,Klebsiella aerogenes,sk__Bacteria__2;p__Pseudomonadota__1224;c__Gammaproteobacteria__1236;o__Enterobacterales__91347;f__Enterobacteriaceae__543;g__Klebsiella__570;s__Klebsiella aerogenes__548,0.9783803591058012
ERR478967,28052,species,0.007245,Lachnospira pectinoschiza,sk__Bacteria__2;p__Bacillota__1239;c__Clostridia__186801;o__Lachnospirales__3085636;f__Lachnospiraceae__186803;g__Lachnospira__28050;s__Lachnospira pectinoschiza__28052,0.8642359838767955
ERR478967,665950,species,0.005492,Lachnospiraceae bacterium 3_1_46FAA,sk__Bacteria__2;p__Bacillota__1239;c__Clostridia__186801;o__Lachnospirales__3085636;f__Lachnospiraceae__186803;s__Lachnospiraceae bacterium 3_1_46FAA__665950,0.9245144741662704
ERR478967,658089,species,0.003045,Lachnospiraceae bacterium 5_1_63FAA,sk__Bacteria__2;p__Bacillota__1239;c__Clostridia__186801;o__Lachnospirales__3085636;f__Lachnospiraceae__186803;s__Lachnospiraceae bacterium 5_1_63FAA__658089,0.8697325027481762
ERR478967,2292902,species,0.003115,Lachnospiraceae bacterium AM10-38,sk__Bacteria__2;p__Bacillota__1239;c__Clostridia__186801;o__Lachnospirales__3085636;f__Lachnospiraceae__186803;s__Lachnospiraceae bacterium AM10-38__2292902,0.8919017955294116
ERR478967,2292903,species,0.0034739999999999,Lachnospiraceae bacterium AM21-21,sk__Bacteria__2;p__Bacillota__1239;c__Clostridia__186801;o__Lachnospirales__3085636;f__Lachnospiraceae__186803;s__Lachnospiraceae bacterium AM21-21__2292903,0.9027116159764604
ERR478967,2302964,species,0.000328,Lachnospiraceae bacterium AM23-2LB,sk__Bacteria__2;p__Bacillota__1239;c__Clostridia__186801;o__Lachnospirales__3085636;f__Lachnospiraceae__186803;s__Lachnospiraceae bacterium AM23-2LB__2302964,0.9613411506045212
ERR478967,2292905,species,0.0038,Lachnospiraceae bacterium AM25-27,sk__Bacteria__2;p__Bacillota__1239;c__Clostridia__186801;o__Lachnospirales__3085636;f__Lachnospiraceae__186803;s__Lachnospiraceae bacterium AM25-27__2292905,0.9281788200805242
ERR478967,2292906,species,0.003526,Lachnospiraceae bacterium AM26-1LB,sk__Bacteria__2;p__Bacillota__1239;c__Clostridia__186801;o__Lachnospirales__3085636;f__Lachnospiraceae__186803;s__Lachnospiraceae bacterium AM26-1LB__2292906,0.9166361304506248
ERR478967,2302965,species,0.000837,Lachnospiraceae bacterium AM40-2BH,sk__Bacteria__2;p__Bacillota__1239;c__Clostridia__186801;o__Lachnospirales__3085636;f__Lachnospiraceae__186803;s__Lachnospiraceae bacterium AM40-2BH__2302965,0.9213997801391548
ERR478967,2292273,species,0.000327,Lachnospiraceae bacterium OF09-33XD,sk__Bacteria__2;p__Bacillota__1239;c__Clostridia__186801;o__Lachnospirales__3085636;f__Lachnospiraceae__186803;s__Lachnospiraceae bacterium OF09-33XD__2292273,0.924148039574845
ERR478967,2293831,species,0.001156,Lachnospiraceae bacterium OF09-6,sk__Bacteria__2;p__Bacillota__1239;c__Clostridia__186801;o__Lachnospirales__3085636;f__Lachnospiraceae__186803;s__Lachnospiraceae bacterium OF09-6__2293831,0.9628068889702226
ERR478967,2292908,species,0.00151,Lachnospiraceae bacterium OM02-26,sk__Bacteria__2;p__Bacillota__1239;c__Clostridia__186801;o__Lachnospirales__3085636;f__Lachnospiraceae__186803;s__Lachnospiraceae bacterium OM02-26__2292908,0.9144375229020724
ERR478967,2292272,species,0.001722,Lachnospiraceae bacterium OM04-12BH,sk__Bacteria__2;p__Bacillota__1239;c__Clostridia__186801;o__Lachnospirales__3085636;f__Lachnospiraceae__186803;s__Lachnospiraceae bacterium OM04-12BH__2292272,0.7957127152802494
ERR478967,2292907,species,0.003237,Lachnospiraceae bacterium TF10-8AT,sk__Bacteria__2;p__Bacillota__1239;c__Clostridia__186801;o__Lachnospirales__3085636;f__Lachnospiraceae__186803;s__Lachnospiraceae bacterium TF10-8AT__2292907,0.9226823012091436
ERR478967,2302966,species,0.000556,Lachnospiraceae bacterium TM07-2AC,sk__Bacteria__2;p__Bacillota__1239;c__Clostridia__186801;o__Lachnospirales__3085636;f__Lachnospiraceae__186803;s__Lachnospiraceae bacterium TM07-2AC__2302966,0.7268230120922781
ERR478967,186803,family,0.007742,Lachnospiraceae,sk__Bacteria__2;p__Bacillota__1239;c__Clostridia__186801;o__Lachnospirales__3085636;f__Lachnospiraceae__186803,0.0451894730934673
ERR478967,706562,species,0.0084219999999999,Lactobacillus rogosae,sk__Bacteria__2;p__Bacillota__1239;c__Bacilli__91061;o__Lactobacillales__186826;f__Lactobacillaceae__33958;g__Lactobacillus__1578;s__Lactobacillus rogosae__706562,0.8887871015022959
ERR478967,1215915,strain,0.0001329999999999,Lactococcus raffinolactis 4877,sk__Bacteria__2;p__Bacillota__1239;c__Bacilli__91061;o__Lactobacillales__186826;f__Streptococcaceae__1300;g__Lactococcus__1357;s__Lactococcus raffinolactis__1366;st__Lactococcus raffinolactis 4877__1215915,0.9934041773542418
ERR478967,420345,genus,0.000261,Lactonifactor,sk__Bacteria__2;p__Bacillota__1239;c__Clostridia__186801;o__Eubacteriales__186802;f__Clostridiaceae__31979;g__Lactonifactor__420345,0.9884573103699992
ERR478967,1339224,strain,0.000335,Leuconostoc mesenteroides subsp. cremoris T26,sk__Bacteria__2;p__Bacillota__1239;c__Bacilli__91061;o__Lactobacillales__186826;f__Lactobacillaceae__33958;g__Leuconostoc__1243;s__Leuconostoc mesenteroides__1245;st__Leuconostoc mesenteroides subsp. cremoris T26__1339224,0.9970685232684956
ERR478967,1987501,species,0.000151,Massiliimalia timonensis,sk__Bacteria__2;p__Bacillota__1239;c__Clostridia__186801;o__Eubacteriales__186802;f__Oscillospiraceae__216572;g__Massiliimalia__2895461;s__Massiliimalia timonensis__1987501,0.9580432392816928
ERR478967,1870991,species,0.000244,Massilioclostridium coli,sk__Bacteria__2;p__Bacillota__1239;c__Clostridia__186801;o__Eubacteriales__186802;f__Clostridiaceae__31979;g__Massilioclostridium__1935927;s__Massilioclostridium coli__1870991,0.7999267130816413
ERR478967,2316025,species,0.002048,Mediterraneibacter butyricigenes,sk__Bacteria__2;p__Bacillota__1239;c__Clostridia__186801;o__Lachnospirales__3085636;f__Lachnospiraceae__186803;g__Mediterraneibacter__2316020;s__Mediterraneibacter butyricigenes__2316025,0.9620740197873718
ERR478967,1232428,species,0.000536,Megasphaera massiliensis,sk__Bacteria__2;p__Bacillota__1239;c__Negativicutes__909932;o__Veillonellales__1843489;f__Veillonellaceae__31977;g__Megasphaera__906;s__Megasphaera massiliensis__1232428,0.986808354708585
ERR478967,2897707,species,0.000166,Merdimmobilis hominis,sk__Bacteria__2;p__Bacillota__1239;c__Clostridia__186801;o__Eubacteriales__186802;f__Oscillospiraceae__216572;g__Merdimmobilis__3028852;s__Merdimmobilis hominis__2897707,0.7704287284718982
ERR478967,114527,species,0.000277,Mogibacterium diversum,sk__Bacteria__2;p__Bacillota__1239;c__Clostridia__186801;o__Peptostreptococcales__3082720;f__Anaerovoracaceae__3030910;g__Mogibacterium__86331;s__Mogibacterium diversum__114527,0.9842433125686072
ERR478967,1871035,species,0.003173,Negativibacillus massiliensis,sk__Bacteria__2;p__Bacillota__1239;g__Negativibacillus__1980693;s__Negativibacillus massiliensis__1871035,0.984976181751458
ERR478967,2109687,species,0.00124,Oscillibacter sp. PEA192,sk__Bacteria__2;p__Bacillota__1239;c__Clostridia__186801;o__Eubacteriales__186802;f__Oscillospiraceae__216572;g__Oscillibacter__459786;s__Oscillibacter sp. PEA192__2109687,0.6698424331256315
ERR478967,459786,genus,0.000942,Oscillibacter,sk__Bacteria__2;p__Bacillota__1239;c__Clostridia__186801;o__Eubacteriales__186802;f__Oscillospiraceae__216572;g__Oscillibacter__459786,0.4163918407230813
ERR478967,1232459,species,0.000962,Oscillospiraceae bacterium VE202-24,sk__Bacteria__2;p__Bacillota__1239;c__Clostridia__186801;o__Eubacteriales__186802;f__Oscillospiraceae__216572;s__Oscillospiraceae bacterium VE202-24__1232459,0.5282154635397223
ERR478967,999417,strain,0.0011409999999999,Parabacteroides distasonis CL09T03C24,sk__Bacteria__2;p__Bacteroidota__976;c__Bacteroidia__200643;o__Bacteroidales__171549;f__Tannerellaceae__2005525;g__Parabacteroides__375288;s__Parabacteroides distasonis__823;st__Parabacteroides distasonis CL09T03C24__999417,0.7993770611945032
ERR478967,999418,strain,0.00021,Parabacteroides goldsteinii CL02T12C30,sk__Bacteria__2;p__Bacteroidota__976;c__Bacteroidia__200643;o__Bacteroidales__171549;f__Tannerellaceae__2005525;g__Parabacteroides__375288;s__Parabacteroides goldsteinii__328812;st__Parabacteroides goldsteinii CL02T12C30__999418,0.8369366068156047
ERR478967,999420,strain,0.00514,Parabacteroides merdae CL03T12C32,sk__Bacteria__2;p__Bacteroidota__976;c__Bacteroidia__200643;o__Bacteroidales__171549;f__Tannerellaceae__2005525;g__Parabacteroides__375288;s__Parabacteroides merdae__46503;st__Parabacteroides merdae CL03T12C32__999420,0.892268230120837
ERR478967,563193,species,0.001894,Parabacteroides sp. D13,sk__Bacteria__2;p__Bacteroidota__976;c__Bacteroidia__200643;o__Bacteroidales__171549;f__Tannerellaceae__2005525;g__Parabacteroides__375288;s__Parabacteroides sp. D13__563193,0.8679003297910493
ERR478967,1121098,strain,0.000775,Phocaeicola massiliensis B84634 = Timone 84634 = DSM 17679 = JCM 13223,sk__Bacteria__2;p__Bacteroidota__976;c__Bacteroidia__200643;o__Bacteroidales__171549;f__Bacteroidaceae__815;g__Phocaeicola__909656;s__Phocaeicola massiliensis__204516;st__Phocaeicola massiliensis B84634 = Timone 84634 = DSM 17679 = JCM 13223__1121098,0.6342982777573697
ERR478967,2518605,species,0.006488,Segatella hominis,sk__Bacteria__2;p__Bacteroidota__976;c__Bacteroidia__200643;o__Bacteroidales__171549;f__Prevotellaceae__171552;g__Segatella__2974251;s__Segatella hominis__2518605,0.918834737999177
ERR478967,2079531,species,0.002516,Prevotella merdae,sk__Bacteria__2;p__Bacteroidota__976;c__Bacteroidia__200643;o__Bacteroidales__171549;f__Prevotellaceae__171552;g__Prevotella__838;s__Prevotella merdae__2079531,0.9507145474531852
ERR478967,2022527,species,0.0256199999999999,Prevotella sp. 885,sk__Bacteria__2;p__Bacteroidota__976;c__Bacteroidia__200643;o__Bacteroidales__171549;f__Prevotellaceae__171552;g__Prevotella__838;s__Prevotella sp. 885__2022527,0.9924880908756784
ERR478967,1852370,species,0.00178,Prevotellamassilia timonensis,sk__Bacteria__2;p__Bacteroidota__976;c__Bacteroidia__200643;o__Bacteroidales__171549;f__Prevotellaceae__171552;g__Prevotellamassilia__1926672;s__Prevotellamassilia timonensis__1852370,0.942469769146114
ERR478967,31957,family,0.000268,Propionibacteriaceae,sk__Bacteria__2;p__Actinomycetota__201174;c__Actinomycetes__1760;o__Propionibacteriales__85009;f__Propionibacteriaceae__31957,0.9712348845730064
ERR478967,754252,strain,0.001212,Propionibacterium freudenreichii subsp. shermanii CIRM-BIA1,sk__Bacteria__2;p__Actinomycetota__201174;c__Actinomycetes__1760;o__Propionibacteriales__85009;f__Propionibacteriaceae__31957;g__Propionibacterium__1743;s__Propionibacterium freudenreichii__1744;st__Propionibacterium freudenreichii subsp. shermanii CIRM-BIA1__754252,0.9967020886770702
ERR478967,411467,strain,0.000442,Pseudoflavonifractor capillosus ATCC 29799,sk__Bacteria__2;p__Bacillota__1239;c__Clostridia__186801;o__Eubacteriales__186802;f__Oscillospiraceae__216572;g__Pseudoflavonifractor__1017280;s__Pseudoflavonifractor capillosus__106588;st__Pseudoflavonifractor capillosus ATCC 29799__411467,0.910040307804968
ERR478967,1965576,species,0.000495,Pseudoflavonifractor sp. An184,sk__Bacteria__2;p__Bacillota__1239;c__Clostridia__186801;o__Eubacteriales__186802;f__Oscillospiraceae__216572;g__Pseudoflavonifractor__1017280;s__Pseudoflavonifractor sp. An184__1965576,0.924148039574845
ERR478967,1136138,strain,0.000496,Pseudomonas fragi B25,sk__Bacteria__2;p__Pseudomonadota__1224;c__Gammaproteobacteria__1236;o__Pseudomonadales__72274;f__Pseudomonadaceae__135621;g__Pseudomonas__286;s__Pseudomonas fragi__296;st__Pseudomonas fragi B25__1136138,0.9996335654084731
ERR478967,2086583,species,0.000558,Pseudoruminococcus massiliensis,sk__Bacteria__2;p__Bacillota__1239;c__Clostridia__186801;o__Eubacteriales__186802;f__Acutalibacteraceae__3082771;g__Pseudoruminococcus__2721119;s__Pseudoruminococcus massiliensis__2086583,0.7951630633931114
ERR478967,1852371,species,0.0001159999999999,Raoultibacter massiliensis,sk__Bacteria__2;p__Actinomycetota__201174;c__Coriobacteriia__84998;o__Eggerthellales__1643822;f__Eggerthellaceae__1643826;g__Raoultibacter__1926677;s__Raoultibacter massiliensis__1852371,0.9776474899229504
ERR478967,1776391,species,0.000368,Romboutsia timonensis,sk__Bacteria__2;p__Bacillota__1239;c__Clostridia__186801;o__Peptostreptococcales__3082720;f__Peptostreptococcaceae__186804;g__Romboutsia__1501226;s__Romboutsia timonensis__1776391,0.8748625870281315
ERR478967,301302,species,0.020995,Roseburia faecis,sk__Bacteria__2;p__Bacillota__1239;c__Clostridia__186801;o__Lachnospirales__3085636;f__Lachnospiraceae__186803;g__Roseburia__841;s__Roseburia faecis__301302,0.8330890436056382
ERR478967,585394,strain,0.008688,Roseburia hominis A2-183,sk__Bacteria__2;p__Bacillota__1239;c__Clostridia__186801;o__Lachnospirales__3085636;f__Lachnospiraceae__186803;g__Roseburia__841;s__Roseburia hominis__301301;st__Roseburia hominis A2-183__585394,0.8622205936239559
ERR478967,536231,strain,0.009712,Roseburia intestinalis L1-82,sk__Bacteria__2;p__Bacillota__1239;c__Clostridia__186801;o__Lachnospirales__3085636;f__Lachnospiraceae__186803;g__Roseburia__841;s__Roseburia intestinalis__166486;st__Roseburia intestinalis L1-82__536231,0.911139611579244
ERR478967,622312,strain,0.0239889999999999,Roseburia inulinivorans DSM 16841,sk__Bacteria__2;p__Bacillota__1239;c__Clostridia__186801;o__Lachnospirales__3085636;f__Lachnospiraceae__186803;g__Roseburia__841;s__Roseburia inulinivorans__360807;st__Roseburia inulinivorans DSM 16841__622312,0.9569439355074164
ERR478967,2293144,species,0.016022,Roseburia sp. TF10-5,sk__Bacteria__2;p__Bacillota__1239;c__Clostridia__186801;o__Lachnospirales__3085636;f__Lachnospiraceae__186803;g__Roseburia__841;s__Roseburia sp. TF10-5__2293144,0.8259435690728433
ERR478967,2291991,species,0.001844,Ruminococcaceae bacterium AM07-15,sk__Bacteria__2;p__Bacillota__1239;c__Clostridia__186801;o__Eubacteriales__186802;f__Oscillospiraceae__216572;s__Ruminococcaceae bacterium AM07-15__2291991,0.996152436789932
ERR478967,552398,species,0.001214,Ruminococcaceae bacterium D16,sk__Bacteria__2;p__Bacillota__1239;c__Clostridia__186801;o__Eubacteriales__186802;f__Oscillospiraceae__216572;s__Ruminococcaceae bacterium D16__552398,0.6414437522901646
ERR478967,411473,strain,0.021128,Ruminococcus callidus ATCC 27760,sk__Bacteria__2;p__Bacillota__1239;c__Clostridia__186801;o__Eubacteriales__186802;f__Oscillospiraceae__216572;g__Ruminococcus__1263;s__Ruminococcus callidus__40519;st__Ruminococcus callidus ATCC 27760__411473,0.9937706119456672
ERR478967,2293242,species,0.048408,Ruminococcus sp. TF12-19AC,sk__Bacteria__2;p__Bacillota__1239;c__Clostridia__186801;o__Eubacteriales__186802;f__Oscillospiraceae__216572;g__Ruminococcus__1263;s__Ruminococcus sp. TF12-19AC__2293242,0.986808354708585
ERR478967,1550024,species,0.000722,Ruthenibacterium lactatiformans,sk__Bacteria__2;p__Bacillota__1239;c__Clostridia__186801;o__Eubacteriales__186802;f__Oscillospiraceae__216572;g__Ruthenibacterium__1905344;s__Ruthenibacterium lactatiformans__1550024,0.602784902894787
ERR478967,1660,species,0.000314,Schaalia odontolytica,sk__Bacteria__2;p__Actinomycetota__201174;c__Actinomycetes__1760;o__Actinomycetales__2037;f__Actinomycetaceae__2049;g__Schaalia__2529408;s__Schaalia odontolytica__1660,0.9758153169658236
ERR478967,537011,strain,0.05519,Segatella copri DSM 18205,sk__Bacteria__2;p__Bacteroidota__976;c__Bacteroidia__200643;o__Bacteroidales__171549;f__Prevotellaceae__171552;g__Segatella__2974251;s__Segatella copri__165179;st__Segatella copri DSM 18205__537011,0.8545254672040229
ERR478967,1034345,strain,0.001789,Senegalimassilia anaerobia JC110,sk__Bacteria__2;p__Actinomycetota__201174;c__Coriobacteriia__84998;o__Coriobacteriales__84999;f__Coriobacteriaceae__84107;g__Senegalimassilia__1473205;s__Senegalimassilia anaerobia__1473216;st__Senegalimassilia anaerobia JC110__1034345,0.947233418834644
ERR478967,572010,species,0.001884,Slackia isoflavoniconvertens,sk__Bacteria__2;p__Actinomycetota__201174;c__Coriobacteriia__84998;o__Eggerthellales__1643822;f__Eggerthellaceae__1643826;g__Slackia__84108;s__Slackia isoflavoniconvertens__572010,0.9411872480761252
ERR478967,888048,strain,0.0014089999999999,Streptococcus parasanguinis ATCC 903,sk__Bacteria__2;p__Bacillota__1239;c__Bacilli__91061;o__Lactobacillales__186826;f__Streptococcaceae__1300;g__Streptococcus__1301;s__Streptococcus parasanguinis__1318;st__Streptococcus parasanguinis ATCC 903__888048,0.9968853059727828
ERR478967,1046629,strain,0.0021609999999999,Streptococcus salivarius 57.I,sk__Bacteria__2;p__Bacillota__1239;c__Bacilli__91061;o__Lactobacillales__186826;f__Streptococcaceae__1300;g__Streptococcus__1301;s__Streptococcus salivarius__1304;st__Streptococcus salivarius 57.I__1046629,0.978013924514376
ERR478967,1739381,species,0.002335,Streptococcus sp. HMSC072D03,sk__Bacteria__2;p__Bacillota__1239;c__Bacilli__91061;o__Lactobacillales__186826;f__Streptococcaceae__1300;g__Streptococcus__1301;s__Streptococcus sp. HMSC072D03__1739381,0.967936973250178
ERR478967,1308,species,0.000403,Streptococcus thermophilus,sk__Bacteria__2;p__Bacillota__1239;c__Bacilli__91061;o__Lactobacillales__186826;f__Streptococcaceae__1300;g__Streptococcus__1301;s__Streptococcus thermophilus__1308,0.7429461341149948
ERR478967,889206,strain,0.000703,Streptococcus vestibularis ATCC 49124,sk__Bacteria__2;p__Bacillota__1239;c__Bacilli__91061;o__Lactobacillales__186826;f__Streptococcaceae__1300;g__Streptococcus__1301;s__Streptococcus vestibularis__1343;st__Streptococcus vestibularis ATCC 49124__889206,0.9822279223157676
ERR478967,1301,genus,0.0016669999999999,Streptococcus,sk__Bacteria__2;p__Bacillota__1239;c__Bacilli__91061;o__Lactobacillales__186826;f__Streptococcaceae__1300;g__Streptococcus__1301,0.6372297544887682
ERR478967,2086273,species,0.003829,Subdoligranulum sp. APC924/74,sk__Bacteria__2;p__Bacillota__1239;c__Clostridia__186801;o__Eubacteriales__186802;f__Oscillospiraceae__216572;g__Subdoligranulum__292632;s__Subdoligranulum sp. APC924/74__2086273,0.4650054965188442
ERR478967,2584944,species,0.000845,Sutterella faecalis,sk__Bacteria__2;p__Pseudomonadota__1224;c__Betaproteobacteria__28216;o__Burkholderiales__80840;f__Sutterellaceae__995019;g__Sutterella__40544;s__Sutterella faecalis__2584944,0.9794796628800774
ERR478967,1574262,species,0.012131,Sutterella sp. KLE1602,sk__Bacteria__2;p__Pseudomonadota__1224;c__Betaproteobacteria__28216;o__Burkholderiales__80840;f__Sutterellaceae__995019;g__Sutterella__40544;s__Sutterella sp. KLE1602__1574262,0.974349578600122
ERR478967,742823,strain,0.013297,Sutterella wadsworthensis 2_1_59BFAA,sk__Bacteria__2;p__Pseudomonadota__1224;c__Betaproteobacteria__28216;o__Burkholderiales__80840;f__Sutterellaceae__995019;g__Sutterella__40544;s__Sutterella wadsworthensis__40545;st__Sutterella wadsworthensis 2_1_59BFAA__742823,0.9741663613044094
ERR478967,1852386,species,0.000627,Thermophilibacter provencensis,sk__Bacteria__2;p__Actinomycetota__201174;c__Coriobacteriia__84998;o__Coriobacteriales__84999;f__Atopobiaceae__1643824;g__Thermophilibacter__2847307;s__Thermophilibacter provencensis__1852386,0.9882740930742864
ERR478967,2292078,species,0.000396,Veillonella sp. AF42-16,sk__Bacteria__2;p__Bacillota__1239;c__Negativicutes__909932;o__Veillonellales__1843489;f__Veillonellaceae__31977;g__Veillonella__29465;s__Veillonella sp. AF42-16__2292078,0.9355075119090318
ERR478967,29465,genus,0.0001629999999999,Veillonella,sk__Bacteria__2;p__Bacillota__1239;c__Negativicutes__909932;o__Veillonellales__1843489;f__Veillonellaceae__31977;g__Veillonella__29465,0.6320996702088174
ERR478967,2606640,species,0.0003769999999999,Victivallis lenta,sk__Bacteria__2;p__Lentisphaerota__256845;c__Lentisphaeria__1313211;o__Victivallales__278082;f__Victivallaceae__255528;g__Victivallis__172900;s__Victivallis lenta__2606640,0.9203004763648786
ERR478967,483218,strain,0.001022,[Bacteroides] pectinophilus ATCC 43243,sk__Bacteria__2;p__Bacillota__1239;c__Clostridia__186801;o__Eubacteriales__186802;s__[Bacteroides] pectinophilus__384638;st__[Bacteroides] pectinophilus ATCC 43243__483218,0.8162330524000707
ERR478967,518636,strain,0.000195,[Clostridium] asparagiforme DSM 15981,sk__Bacteria__2;p__Bacillota__1239;c__Clostridia__186801;o__Lachnospirales__3085636;f__Lachnospiraceae__186803;g__Enterocloster__2719313;s__Enterocloster asparagiformis__333367;st__[Clostridium] asparagiforme DSM 15981__518636,0.8281421766213956
ERR478967,742733,strain,0.000132,[Clostridium] citroniae WAL-17108,sk__Bacteria__2;p__Bacillota__1239;c__Clostridia__186801;o__Lachnospirales__3085636;f__Lachnospiraceae__186803;g__Enterocloster__2719313;s__Enterocloster citroniae__358743;st__[Clostridium] citroniae WAL-17108__742733,0.8041407108830332
ERR478967,999413,strain,7.400000000000001e-05,[Clostridium] innocuum 2959,sk__Bacteria__2;p__Bacillota__1239;c__Erysipelotrichia__526524;o__Erysipelotrichales__526525;f__Coprobacillaceae__2810280;g__Thomasclavelia__3025755;s__[Clostridium] innocuum__1522;st__[Clostridium] innocuum 2959__999413,0.8235617442285783
ERR478967,428125,strain,0.0029349999999999,[Clostridium] leptum DSM 753,sk__Bacteria__2;p__Bacillota__1239;c__Clostridia__186801;o__Eubacteriales__186802;f__Oscillospiraceae__216572;s__[Clostridium] leptum__1535;st__[Clostridium] leptum DSM 753__428125,0.9287284719676624
ERR478967,500632,strain,0.0016259999999999,[Clostridium] nexile DSM 1787,sk__Bacteria__2;p__Bacillota__1239;c__Clostridia__186801;o__Lachnospirales__3085636;f__Lachnospiraceae__186803;g__Tyzzerella__1506577;s__[Clostridium] nexile__29361;st__[Clostridium] nexile DSM 1787__500632,0.8919017955294116
ERR478967,411472,strain,0.000267,[Clostridium] symbiosum ATCC 14940,sk__Bacteria__2;p__Bacillota__1239;c__Clostridia__186801;o__Lachnospirales__3085636;f__Lachnospiraceae__186803;g__Lachnoclostridium__1506553;s__[Clostridium] symbiosum__1512;st__[Clostridium] symbiosum ATCC 14940__411472,0.8931843165994005
ERR478967,515620,strain,0.011523,[Eubacterium] eligens ATCC 27750,sk__Bacteria__2;p__Bacillota__1239;c__Clostridia__186801;o__Lachnospirales__3085636;f__Lachnospiraceae__186803;g__Lachnospira__28050;s__Lachnospira eligens__39485;st__[Eubacterium] eligens ATCC 27750__515620,0.9039941370464492
ERR478967,657317,strain,0.045713,Agathobacter rectalis M104/1,sk__Bacteria__2;p__Bacillota__1239;c__Clostridia__186801;o__Lachnospirales__3085636;f__Lachnospiraceae__186803;g__Agathobacter__1766253;s__Agathobacter rectalis__39491;st__Agathobacter rectalis M104/1__657317,0.9672041040673272
ERR478967,657319,strain,0.0008219999999999,[Eubacterium] siraeum 70/3,sk__Bacteria__2;p__Bacillota__1239;c__Clostridia__186801;o__Eubacteriales__186802;f__Oscillospiraceae__216572;s__[Eubacterium] siraeum__39492;st__[Eubacterium] siraeum 70/3__657319,0.7427629168192821
ERR478967,1298596,strain,0.013806,[Ruminococcus] faecis JCM 15917,sk__Bacteria__2;p__Bacillota__1239;c__Clostridia__186801;o__Lachnospirales__3085636;f__Lachnospiraceae__186803;g__Mediterraneibacter__2316020;s__Mediterraneibacter faecis__592978;st__[Ruminococcus] faecis JCM 15917__1298596,0.9829607914986184
ERR478967,411470,strain,0.0009339999999999,Mediterraneibacter gnavus ATCC 29149,sk__Bacteria__2;p__Bacillota__1239;c__Clostridia__186801;o__Lachnospirales__3085636;f__Lachnospiraceae__186803;g__Mediterraneibacter__2316020;s__Mediterraneibacter gnavus__33038;st__Mediterraneibacter gnavus ATCC 29149__411470,0.8864052766580309
ERR478967,1073376,strain,0.002046,[Ruminococcus] lactaris CC59_002D,sk__Bacteria__2;p__Bacillota__1239;c__Clostridia__186801;o__Lachnospirales__3085636;f__Lachnospiraceae__186803;g__Mediterraneibacter__2316020;s__[Ruminococcus] lactaris__46228;st__[Ruminococcus] lactaris CC59_002D__1073376,0.7101502381824233
ERR478967,657313,strain,0.022928,[Ruminococcus] torques L2-14,sk__Bacteria__2;p__Bacillota__1239;c__Clostridia__186801;o__Lachnospirales__3085636;f__Lachnospiraceae__186803;g__Mediterraneibacter__2316020;s__[Ruminococcus] torques__33039;st__[Ruminococcus] torques L2-14__657313,0.9910223525099768
ERR478967,1504823,species,0.00265,bacterium LF-3,sk__Bacteria__2;s__bacterium LF-3__1504823,0.8384023451813062
